id,categoria,marca_oferta,afirmacao,data_referencia,fonte_atual,proprietario,status,canais_permitidos,validade,observacoes
PRV-001,historico,ness.,Atuação desde 1991,2026-09-18,Declaração da direção,Diretoria,aprovada-publica,website|propostas|apresentacoes,anual,Usar desde 1991 em vez de arredondar anos
PRV-002,presenca,ness.,Presença em seis países,2026-09-18,Declaração da direção,Diretoria,em-validacao,interno,anual,Documentar quais países e o significado de presença
PRV-003,cobertura,ness.,Atendimento a clientes com operações em aproximadamente 50 países,2026-09-18,Declaração da direção,Diretoria,em-validacao,interno,anual,Distinguir presença própria de cobertura de clientes
PRV-004,escala,ness.,Aproximadamente 5500 endpoints no escopo operacional informado,2026-09-18,Declaração da direção,Operações,em-validacao,interno,trimestral,Definir data de corte e evitar soma duplicada entre ofertas
PRV-005,escala,n.secops,Aproximadamente 3800 endpoints associados ao n.secops,2026-09-18,Declaração da direção,Segurança,em-validacao,interno,trimestral,Confirmar critério de endpoint ativo
PRV-006,plataforma,ness.OS,Sete ambientes em beta com mais de 1500 ativos por mais de oito meses,2026-09-18,Declaração da direção,Produto e Operações,em-validacao,interno,trimestral,Separar número de ambientes clientes e ativos
PRV-007,operacao,n.secops,Monitoramento funciona 24 horas por dia sete dias por semana,2026-09-18,Declaração da direção,Segurança,aprovada-interna,propostas,contratual,Publicação deve esclarecer automação escalonamento humano e condições contratuais
PRV-008,operacao,n.infraops,NOC e automações operacionais podem atuar continuamente com escalonamento humano conforme contrato,2026-09-18,Documento Mestre,Operações,aprovada-interna,propostas,contratual,Não generalizar cobertura humana integral fora do escopo
PRV-009,standard,trustness.,CIS Controls v8.1 é a referência técnica básica para clientes em maturidade inicial,2026-09-18,Documento Mestre,Trustness,aprovada-publica,website|propostas|conteudo,anual,O grupo de implementação depende do cliente
PRV-010,standard,trustness.,Atuação com ISO IEC 27001 2022 ISO IEC 27701 2025 e ISO IEC 42001,2026-09-18,Documento Mestre,Trustness,aprovada-publica,website|propostas|conteudo,anual,Não confundir atuação com certificação da NESS
PRV-011,certificacao,ness.,A organização está em processo de certificação ISO IEC 27001 2022 e ISO IEC 27701 2025,2026-09-18,Declaração da direção,Diretoria,aprovada-interna,propostas,ate-certificacao,Nunca escrever organização certificada antes da conclusão
PRV-012,caso,n.secops,Isolamento de endpoint após detecção de possível ransomware evitou propagação observada no ambiente,2026-09-18,Relato operacional,Segurança,em-validacao,interno,ate-aprovacao,Publicar somente versão anonimizada e tecnicamente revisada
PRV-013,caso,n.secops,Detecção de viagem impossível apoiou a identificação de uso indevido das credenciais de um executivo,2026-09-18,Relato operacional,Segurança,em-validacao,interno,ate-aprovacao,Remover localizações exatas e detalhes exploráveis na versão pública
PRV-014,caso,n.infraops,Assessment de ambiente com mais de 800 endpoints encontrou ferramentas contratadas sem operação efetiva e ausência de execução de backup,2026-09-18,Relato operacional,Operações,em-validacao,interno,ate-aprovacao,Não identificar cliente sem autorização
PRV-015,caso,n.devarch,Apoio à Ionic Health na evolução do ciclo de desenvolvimento e jornada internacional de seu SaMD,2026-09-18,Relato da direção,Arquitetura e Cliente,em-validacao,interno,ate-aprovacao,Validar autorização redação certificações e causalidade
PRV-016,caso,n.devarch,Evolução do legado SegDoc da Alupar para a solução n.flow,2026-09-18,Relato da direção,Arquitetura e Cliente,em-validacao,interno,ate-aprovacao,Validar autorização e escopo exato da transformação
PRV-017,caso,n.cirt,Coordenação de resposta em rede varejista com 25 localidades durante DDoS seguido de ransomware,2026-09-18,Relato operacional,CIRT,restrita,interno,ate-autorizacao,Avaliar publicação apenas anonimizada
PRV-018,capacidade,forense.io,Atuação em coleta análise investigação cadeia de custódia e quesitação para organizações advogados e compliance,2026-09-18,Documento Mestre,Forense.io,aprovada-publica,website|propostas|conteudo,anual,Defensabilidade descreve método e não garante resultado judicial
PRV-019,oferta,trustness.,Experiência em adequação à LGPD e DPO as a Service,2026-09-18,Declaração da direção,Trustness,aprovada-publica,website|propostas|conteudo,anual,Cases específicos exigem registro próprio e autorização
PRV-020,cliente,ness.,Alupar é referência autorizada para citação,2026-09-18,Declaração da direção,Diretoria,aprovada-publica,website|propostas|apresentacoes,ate-revogacao,O uso do nome não autoriza automaticamente métricas ou depoimentos
PRV-021,portfolio,n.secops,O relatório operacional de 11/09/2026 reúne 12 projetos n.secops,2026-09-11,Status n.secops,Segurança,aprovada-interna,interno,pontual,Nomes e métricas exigem autorização específica para publicação
PRV-022,metrica,n.secops,O recorte operacional soma 229 servidores e 2732 estações totalizando 2961 endpoints,2026-09-11,Status n.secops,Segurança,aprovada-interna,interno,pontual,Snapshot de escopo parcial; não substitui o consolidado de 3800 endpoints
PRV-023,metrica,n.secops,O recorte registra 2059 hosts com telemetria de segurança,2026-09-11,Status n.secops,Segurança,aprovada-interna,interno,pontual,Omitir nomes comerciais das ferramentas em comunicação pública
PRV-024,metrica,n.secops,O recorte registra 1403 hosts sob RMM,2026-09-11,Status n.secops,Segurança,aprovada-interna,interno,pontual,Métrica restrita ao escopo do relatório
PRV-025,metrica,n.secops,O relatório registra 1211 licenças Datto e 1169 em uso,2026-09-11,Status n.secops,Segurança,aprovada-interna,interno,pontual,Há inconsistência na linha RZK Agro a ser validada
PRV-026,metrica,n.secops,O relatório registra 828 alertas entre janeiro e setembro de 2026,2026-09-11,Status n.secops,Segurança,aprovada-interna,interno,pontual,Confirmar fechamento do mês de setembro antes de comparação temporal
PRV-027,metrica,n.secops,O relatório classifica 82 por cento como falsos positivos 13 por cento como problemas tratados e 5 por cento como incidentes confirmados,2026-09-11,Status n.secops,Segurança,aprovada-interna,interno,pontual,Percentuais preservados conforme fonte; detalhe mensal disponível apenas de julho a setembro
PRV-028,metrica,n.secops,O MTTP médio informado é de 0.6 dia útil frente à meta de até um dia útil por cliente,2026-09-11,Status n.secops,Segurança,aprovada-interna,interno,pontual,Manter unidade e critério operacional explícitos
PRV-029,capacidade,forense.io,A forense.io atua nas modalidades Preservação e Preservação mais Análise,2026-09-23,forense-io/modusoperandi,Forense.io,em-validacao,interno,anual,Confirmar redação comercial antes de publicar
PRV-030,capacidade,forense.io,Todo relatório da forense.io passa por revisão técnica independente antes da entrega,2026-09-23,forense-io/modusoperandi POL-07,Forense.io,em-validacao,interno,anual,Publicar somente após o piloto demonstrar a prática em todos os casos
PRV-031,capacidade,forense.io,Preservação de dispositivos móveis e de conteúdo online com verificação de integridade por SHA-256,2026-09-23,forense-io/modusoperandi,Forense.io,em-validacao,interno,anual,Não citar nomes comerciais de ferramentas sem necessidade
PRV-032,politica,forense.io,Após a entrega o material é retido por 30 dias com autorização do contratante e depois descartado com termo,2026-09-23,forense-io/modusoperandi POL-02,Forense.io,aprovada-interna,propostas,anual,Redação do termo pendente de validação jurídica
PRV-033,equipe,forense.io,A equipe forense é composta por três peritos,2026-09-23,Declaração da liderança,Forense.io,aprovada-interna,interno,semestral,Não usar como argumento de escala; confirmar certificações individuais antes de citar
PRV-034,politica,forense.io,Agentes de IA são usados em contas corporativas e nenhuma conclusão pericial é obtida de modelo de IA,2026-09-23,forense-io/modusoperandi POL-03,Forense.io,em-validacao,interno,anual,Publicação exige declaração consistente em todos os relatórios
